# f0,f1,f2,f3,f4
-6.311690096716051634e-01,-1.906881929419040611e-01,-2.313780038470554089e-03,-3.369216291043614087e-01,6.291377498206998133e-03
3.778129730488666294e-01,-1.583662127195577807e-01,-1.719910399956006697e-02,-2.506400296950061970e-03,1.037462409403005353e-02
4.640444772694985454e-01,3.488114037904153919e-02,1.074272856763172981e-02,1.899751726614923031e-01,1.802358129803138809e-02
5.582440530888794772e-01,5.166534170518388702e-01,1.821275093771873924e-02,2.099781042768265049e-01,2.113345734462171790e-02
-5.819370270920808386e-01,-1.836457113804448316e-01,-5.485966658910114944e-03,-1.323852080594690450e-01,-3.554842665998137613e-02
-6.715021972563102182e-01,-2.077522583304852455e-01,-4.552321669898162781e-03,-3.914411862552384380e-01,-8.318546175074743865e-02
2.802315799766731397e-01,-8.881270192903457927e-02,-1.564813738824341258e-02,-4.735563681776966269e-06,1.771441600067859626e-02
-1.455632714009965356e-01,-1.002637187828861465e-01,-1.023186423741947321e-02,8.475298780730014525e-02,9.850717168307170438e-03
4.764606040058259606e-01,1.718891890384750820e-01,6.593724883382492616e-03,1.476791791391636466e-01,2.218046458632130791e-02
5.465369777541986274e-01,5.140865135382927109e-01,9.269719899640449859e-03,1.770849077826827100e-01,2.494455135711433347e-02
3.709379476324122238e-01,-8.178886072098066895e-02,-6.040986882385368691e-03,4.898959033087351041e-03,1.591115471322325503e-02
-6.098663578827415721e-01,-1.945740183099218257e-01,-4.449146543205983843e-03,-2.406720879988228090e-01,-2.895936310665604349e-02
-7.057010909564587209e-01,-2.158205111590046910e-01,-4.928320023146852413e-03,-5.053845273176432729e-01,-8.921898431435010268e-02
-5.785651118927603864e-01,-1.825960544191065071e-01,-4.390054374110263606e-03,-9.742410407309137765e-02,-4.310339450307708320e-02
1.750899412198506921e-01,-1.802101718800736274e-01,-1.478614219343001024e-02,-9.307347117514552445e-03,7.234394501404039710e-03
5.382823758717592000e-01,5.451162610151846222e-01,7.766918420447837396e-03,8.569168698151344299e-02,1.092285857928317234e-02
5.025225661832013468e-01,3.497180494074745849e-01,6.505154985750323353e-03,1.301172820227335936e-01,2.352585751685097593e-02
-6.397084233217015248e-01,-1.985887785624112223e-01,-5.071221751833263937e-03,-3.223077829472771327e-01,-5.305527290637997162e-02
-5.251594494709624916e-01,-1.863397357289085232e-01,-5.557992168382951993e-04,5.220311217532525722e-02,-1.093397082417254737e-02
5.386149005466523976e-01,5.712315515232171403e-01,3.232753294200847380e-03,8.139970657679754251e-02,1.135565347892367009e-02
1.537980619915865210e-01,-1.921715328731488648e-01,-2.000850466005545114e-02,-1.697687767972766437e-02,8.265045798820693998e-03
-6.130335429971875971e-01,-1.861004047831380515e-01,-3.072747749185396251e-03,-1.961926333901118369e-01,-5.011210414546724001e-02
5.096507869403120727e-01,4.143577429743652285e-01,1.131760765658441394e-02,9.706517748671586454e-02,1.333142364415635869e-02
-5.835969398193492363e-01,-1.860821606276675810e-01,-2.727490013373880945e-03,-9.879194640670049821e-02,-6.846656925821377471e-02
5.377448157235841242e-01,4.626470924985625066e-01,8.777823550805124303e-03,1.662859272011112943e-01,2.034996513549600788e-02
4.623018280977335137e-01,4.358089528510902116e-02,9.668218385853607003e-03,1.525409480683382057e-01,1.525997447907940369e-02
4.748467494453626481e-01,1.798938606801843421e-01,1.070434407700076966e-02,1.314054240235694171e-01,3.170361466057130401e-02
-1.540671698000173340e-01,-1.321736350749677102e-01,-2.087363768783745757e-02,7.319079373460141147e-02,7.501095417978263270e-03
4.559105998556623462e-01,6.090327547760409493e-02,1.290187661155414375e-02,1.329468085965808677e-01,2.617888937085553064e-02
-6.530350529114901104e-01,-1.947651102086177810e-01,-4.522820118533274654e-03,-3.411115065390089018e-01,-3.767145583786714325e-02
4.612858194440019322e-01,-2.066138316120031976e-03,2.378882153358290522e-02,1.790230436533195857e-01,1.828858795779780139e-02
-2.009701519783507750e-01,-1.214152325552174672e-01,-1.697556126489644171e-02,7.651716216063761400e-02,5.029621456882296497e-03
2.763054306371341973e-01,-1.104219817995863162e-01,-9.760556859827716064e-03,-2.536096533946192652e-03,1.206954773053439504e-02
-6.224816004087933008e-01,-1.893187856192884155e-01,-4.645389232392744573e-03,-2.067403207458784198e-01,-7.147628258778183918e-02
5.287216899355593469e-01,4.155520435583781591e-01,8.424288612579856894e-03,1.607098505527383703e-01,2.720847946301120299e-02
4.959615846259686212e-01,3.745697280272991536e-01,1.084652415234472686e-02,8.449362085573540460e-02,1.352164334234402104e-02
-6.227061527413786379e-01,-2.004430317865313893e-01,8.669116164162460033e-04,-2.477085623165118100e-01,-6.314220862520698863e-02
1.132540281377649172e-01,-1.008113498025295512e-01,-1.239102088686081437e-03,-7.462325707232082481e-03,2.729959078498751454e-03
4.591106601523785025e-01,1.737120519841425792e-01,1.151814505775746594e-02,8.244274550815219871e-02,1.532049375181116987e-02
5.222054196547089022e-01,4.633658881957836706e-01,1.485443260373813315e-02,9.312758513756336232e-02,1.197966976308322343e-02
5.137434460345349230e-01,3.565232208947020087e-01,9.484107424294735064e-03,1.667792682217699995e-01,2.156235075822706890e-02
4.858907434864693231e-01,1.819976403674453957e-01,1.405044187317912481e-02,1.917217193545227016e-01,2.431638699350202257e-02
4.459609220909950822e-01,6.590233617716194370e-02,5.414104711705931480e-03,8.185493651345467081e-02,5.028369345971271144e-03
-5.442403457897853070e-01,-1.964418313572360852e-01,3.298255376978431806e-04,5.581806294565921922e-02,-6.284288344964977790e-02
-6.907924241465457360e-01,-2.135819147993544276e-01,-2.960864645912124685e-03,-4.728454470407609800e-01,-8.629132457286914359e-02
-3.653626683454458957e-01,-5.249225101579498010e-03,-1.558087019691925057e-03,6.821092628377556366e-02,1.672764725973379871e-02
4.965182965631521617e-01,3.588612671175266389e-01,9.017800883906374604e-03,9.244076804554623994e-02,1.567763262008071631e-02
5.086471251593007725e-01,3.030247222677570629e-01,1.100735076691762571e-02,1.766329623643056734e-01,2.115492169265877423e-02
-4.241693943034971492e-01,-1.019748976293749360e-01,-1.216326157531796154e-02,5.800040774987479802e-02,1.122725926571447978e-02
-1.413163389919986973e-03,-8.146500599925615704e-02,-9.956177025793521915e-04,4.476568747080051508e-02,9.190416841838810330e-03
-5.558671489088302664e-01,-1.790531098107789043e-01,-3.181202016062343457e-03,-9.886812257011541594e-02,2.039164475971858709e-02
5.522613082588878619e-01,5.419726873735362105e-01,8.485611955893545416e-03,1.631959675421436051e-01,2.480589174358129728e-02
-5.427762030477731869e-01,-1.736794592617155741e-01,-4.064166372870090839e-03,-2.297104570265844428e-02,1.653544490942806394e-02
-6.040855872421889705e-01,-1.818793784013593151e-01,-1.228659097298532296e-03,-1.635341155926181567e-01,-6.707325943665466694e-02
-2.908295392462977857e-01,-1.258522817759325230e-01,-1.559905692770740919e-02,7.501417736773091649e-02,1.935084011370008863e-02
1.134759897562767628e-01,-2.010805599068726246e-01,-1.127923935225851396e-02,-2.026100274316121330e-02,5.754275111263069606e-03
5.344614509762908305e-01,4.035293799180920127e-01,1.476929273489304209e-02,2.035226962593836286e-01,2.558345236253529650e-02
4.657921693803872554e-01,-6.737084864038962728e-03,3.167329597485945419e-02,1.912830266427479886e-01,1.859797907072532896e-02
-3.073570878136874240e-01,-4.899568337537772017e-02,-1.280191254811256785e-02,7.809377260403238541e-02,9.193839040292459130e-03
4.819210188831828945e-01,1.808028635713530841e-01,1.078926685219130412e-02,1.780322947537084088e-01,2.815091616877197014e-02
3.821598295101588660e-01,-1.211667248636507516e-01,-8.113727598582727921e-03,4.173124853079741674e-03,9.620932593616089018e-03
5.389504276463759069e-01,5.505467942699908690e-01,1.393611755697065670e-02,1.183377769957647263e-01,2.015682801977874278e-02
3.007525291874762474e-01,-7.798137405370994535e-02,-6.723496390330865533e-03,3.756899468633321127e-03,1.538646627635372952e-02
5.147330304998678496e-01,4.023943243128508263e-01,8.259741228177972308e-03,1.129843692070679195e-01,2.231411285770406108e-02
4.626094224743566574e-01,-2.604432656148674297e-03,2.559756903666880051e-02,1.873902963494956109e-01,1.847576674675991543e-02
-4.042041572459797449e-01,-5.598039947868670846e-02,-1.126370243813028076e-02,6.917354777107931341e-02,2.060493528410290917e-02
4.856080815959313846e-01,1.905218524476201547e-01,1.285646086006408950e-02,1.650445246225277218e-01,2.846550874106213921e-02
3.317799214846129940e-01,-6.462905158412582396e-02,-9.301941398504709468e-03,3.670623388840396975e-03,2.249520593918646200e-02
5.138553017910220122e-01,3.497495939226251682e-01,8.083438448322795636e-03,1.627564372468535137e-01,2.214573921303866766e-02
5.516242978501270100e-01,5.060699887956462417e-01,8.691704296618070133e-03,2.003776057187079129e-01,2.233295865421638243e-02
2.541315624362837644e-01,-1.709320734024379340e-01,-1.751717956437005494e-02,-3.600115541243838028e-03,3.527104434210741671e-03
-6.316151883312932647e-01,-1.939933790094886534e-01,-5.355834935267580685e-03,-3.230992811519155516e-01,-1.516395810504093250e-02
4.636156277436566664e-01,2.086471061933480031e-01,1.160193447300116552e-02,8.678331924862306423e-02,1.073087557958700769e-02
-1.878231636193933574e-01,-8.855066155085410118e-02,-5.505674924308436545e-03,9.524850669924916913e-02,1.153886663887945460e-02
-3.829412342886027165e-01,-7.844654917814750106e-02,-1.310689616301658617e-02,6.616699594342378976e-02,1.591367646348842979e-02
1.234696444956321637e-01,-1.910332414395691236e-01,-1.524431375779897700e-02,-1.746628093893008368e-02,1.816285869140642564e-02
-5.471927880900488983e-01,-1.964011470326209874e-01,1.200147703215179813e-03,5.819883088594963311e-02,-6.838028212837059250e-02
-3.977152237291582404e-01,-5.044479779596144908e-02,-1.532367980556159637e-02,7.215878684714396862e-02,2.326584140907925896e-02
-5.948749803941586478e-01,-1.829640886317218940e-01,-4.189220734346577046e-03,-1.649546707171339333e-01,-3.752562102017634182e-02
5.287498251526000503e-01,5.116382356916822083e-01,1.079206639265635134e-02,8.179436132895290257e-02,1.062717801391983158e-02
-4.088818323770576080e-01,-1.077036087724445729e-01,-1.514513044033492448e-02,6.879682482060289761e-02,2.383970644443650019e-02
2.824462636924775505e-01,-8.034136389922935662e-02,-5.386407356638756028e-03,2.591929749491157699e-03,1.040192124191634086e-02
4.766226595986819414e-01,1.440796691848441891e-01,1.026204525772982448e-02,1.578576266487201063e-01,2.412963679268130893e-02
4.530718692181595619e-01,-9.724447650322645340e-03,2.129513737908268756e-02,1.614608638875668634e-01,1.601955132481947333e-02
-6.739632611580907984e-01,-2.105961212984306108e-01,-6.041910799443428286e-03,-3.855206234198891302e-01,-8.716802375858946628e-02
-3.130236128531890816e-02,-1.659693885644412670e-01,-1.478054519694126101e-02,3.216639096277077586e-02,1.389087858786311296e-02
4.398532464012817056e-01,-6.218454695134169839e-03,1.942017246653222201e-02,9.519289219670695745e-02,1.456019557926453017e-02
-5.717144060150018969e-01,-1.776185073855771068e-01,-2.995718813449457178e-03,-1.474799070804740930e-01,1.502687628662101836e-02
-5.769372093669403734e-01,-1.815929701662838680e-01,-3.829436535564241257e-03,-1.373915208963879253e-01,-2.437816753218271376e-02
-6.583432376398274943e-01,-1.985666847904593579e-01,-6.523676638217921174e-03,-3.419363331961778885e-01,-4.966191732763036021e-02
4.386667276756281986e-01,-1.105729539036445948e-02,1.322704788214366586e-02,1.064798698533107324e-01,1.901570884794097013e-02
-5.975707335068420889e-01,-1.843507506892723413e-01,-5.053975743030037285e-03,-1.959388447537074307e-01,-1.228092071199057486e-02
1.693102273472587294e-01,-1.952364755405881225e-01,-1.203687495670863021e-02,-1.610351831228484798e-02,6.546207885320569526e-03
2.728571639422867068e-01,-9.787960300616589671e-02,-2.282324807923145991e-03,2.706330137112047257e-03,4.988430243830634797e-03
5.495702560226169986e-01,5.169226750234878764e-01,9.763969727511040073e-03,1.843132289934376888e-01,2.062376322473397777e-02
-6.607583515413421038e-01,-2.036890019947537600e-01,-4.161248861240380431e-03,-3.939683042320331063e-01,-3.534605064330946511e-02
-7.822157473743658607e-02,-4.709121568205773545e-02,-9.329228165753419844e-03,7.234669864393054872e-02,1.378729806442123562e-02
-5.518885416536317701e-01,-1.775818817230623292e-01,-1.614952416454116212e-03,-5.075790028151118405e-02,-1.962366257483608850e-02
3.793049516164447299e-01,-9.302875953019963673e-02,-9.658392161922506672e-03,2.862950314609236189e-03,1.155968721495511872e-02
4.782992583551714527e-01,2.344177551710946161e-01,1.083643240589253834e-02,9.343629222582905403e-02,1.349714217771094162e-02
2.401734203032512560e-01,-7.546484841082644335e-02,-3.648739016806530362e-03,-4.680448628234614751e-03,1.492463692763180971e-02
2.677749079265913656e-01,-1.280913723865506892e-01,-8.941375375770235778e-03,-1.177006187367908270e-03,1.042235754684156697e-02
-5.578622813058893293e-01,-1.807481701643058603e-01,-2.139327629099625587e-03,-9.714183866249555266e-02,6.889742452941618155e-03
3.016016260346097710e-01,-9.234795295193350129e-02,8.328580936125718100e-04,6.682815802526249384e-03,8.867746656140412104e-03
-6.080703298333992590e-01,-1.850716043003552691e-01,-5.454052661436889667e-03,-1.632920149125965392e-01,-8.529828009375194087e-02
-1.068122350512595679e-02,-8.883235759615332183e-02,-1.296132689051660188e-02,3.947649936510444491e-02,1.350268041820754626e-02
-5.914828095639063088e-01,-1.909155956938747012e-01,-5.458342243971400949e-03,-1.068726736870166810e-01,-8.678688578067010606e-02
4.359653154615497628e-01,2.841360766378556862e-02,5.711519781973492874e-03,8.207220969884616857e-02,8.399296057142180416e-03
5.633080771456167035e-01,5.776336940567898814e-01,9.140970863137453870e-03,2.009128152506576837e-01,2.211119793111521528e-02
3.839190436772284554e-01,-9.233156702799874549e-02,-9.227786788156890421e-03,4.957148541122080934e-03,9.926112239826352310e-03
-5.679159953728378785e-01,-1.829310096772684413e-01,-2.711098579970325564e-03,-2.883179914296022175e-02,-6.560567333123629163e-02
-7.025410665872198201e-01,-2.134385690202572072e-01,-5.347794292864875912e-03,-5.028193011796326939e-01,-8.542284552962825517e-02
4.832452932077279661e-01,1.753215797737036064e-01,8.890517876715194057e-03,1.575246710100824954e-01,2.595170192136635190e-02
5.202470561682190908e-01,3.556795255623653174e-01,1.124162324978556123e-02,1.961309850676306588e-01,2.163898150685298477e-02
-6.854947627020316903e-01,-2.128504335187898222e-01,-3.697535337286979220e-03,-4.365944805308867860e-01,-8.646329847245681766e-02
-6.133420023680343780e-01,-1.855226280066136768e-01,-3.610291318994995847e-04,-1.998458154406518028e-01,-5.536497714226868566e-02
-4.076057368633527744e-01,-7.493197089866157623e-02,-7.762307126048995434e-03,6.433796960428538048e-02,1.712977443802700048e-02
-3.953967186200614270e-01,-1.122664724910737294e-01,-1.584759531833185645e-02,6.383855168194230156e-02,2.129926680930793736e-02
-5.722747083777222077e-01,-1.742169806025657408e-01,-4.770443215014097751e-03,-1.443351638536418680e-01,3.470150047053834758e-03
5.102095200516879592e-01,4.076798259758174781e-01,1.318809979009302052e-02,1.077801112454037091e-01,1.140883806267794370e-02
2.632319917038682955e-01,-1.546684794612536995e-01,-1.303853181430838538e-02,3.660992252281545112e-03,1.559604546957018591e-02
-2.778021573427892355e-01,-1.171244363292203161e-01,-1.582295793678582807e-02,7.612209296508382073e-02,1.209827037990976288e-02
4.487979594330044897e-01,3.255064788378320140e-02,3.569871571350518181e-03,1.177605753597723015e-01,2.063289576148378060e-02
-5.735308335494062604e-01,-1.819003741259171969e-01,-2.011463832812409973e-03,-3.868206718700378105e-02,-6.661841320637847119e-02
-6.511687554433547298e-01,-2.012300541118219044e-01,-3.344333472146274883e-03,-3.891203261849244810e-01,-1.220346054388130562e-02
-6.799365397940431155e-01,-2.078996349450056846e-01,-7.237627760912062475e-03,-4.007303136436741187e-01,-8.175119299486369173e-02
-6.691764198072763792e-01,-2.000908143843543041e-01,-3.472352547007915256e-03,-4.284613095957428008e-01,-3.070995238080683962e-02
-3.044454047021022958e-01,-3.703547877609935507e-02,-9.871830221203480721e-04,8.011463388853769241e-02,1.681836439263875715e-02
-6.659710672004848231e-01,-2.076871121973891954e-01,-1.882033027922887063e-03,-3.724150055126068670e-01,-7.384104767054452956e-02
-5.837731151039247113e-01,-1.871109373329858383e-01,-4.333642755464097926e-03,-1.026172255039426717e-01,-7.027078522883754841e-02
-1.333397049635476617e-01,-3.141777813576482337e-02,-1.137219580246210185e-02,9.908264845571210233e-02,2.165663359537518470e-02
-6.277642271616502567e-01,-1.968071990175082053e-01,-4.824904950372683847e-03,-2.573429982144699313e-01,-7.519235071866148257e-02
4.780073089155628674e-01,1.118381543345233764e-01,1.271001149373773842e-02,1.831259316083108379e-01,2.139147458444569036e-02
-5.601271157243513654e-01,-1.755056076443537449e-01,-4.319286002688613527e-03,-1.161931517215262499e-01,2.094418376069825255e-02
-5.646210504693488508e-01,-1.769529743138986144e-01,-5.589129239459680355e-03,-1.255869556237834694e-01,1.945379523248050302e-02
-5.576999757082330422e-01,-1.795005264472405437e-01,-2.902182407102600441e-03,-4.886963297415888863e-02,-2.690146630161450655e-02
2.996252228102289639e-01,-7.795521679507373680e-02,-7.787002944269829328e-03,1.179709039838598922e-03,1.377825359310747878e-02
-6.507109116007552263e-01,-2.012091867175280491e-01,-5.227270221837443387e-03,-3.898704090293454994e-01,-1.142062729203416858e-02
5.315397483005455115e-01,4.880744308362392481e-01,1.004639627754158951e-02,1.420761595111994791e-01,2.520960182354684692e-02
5.141638672720495462e-01,3.470269671425614821e-01,9.630462601786576524e-03,1.587718054461370876e-01,2.188554932329879119e-02
-5.451060971375943920e-01,-1.911693525374556779e-01,-3.759883489374829177e-03,6.265671621266619140e-02,-6.019620836838157629e-02
-6.682782944511211909e-01,-2.054206879023189325e-01,-1.110732084275696356e-03,-4.639942558079911961e-01,-1.534248370722707429e-02
-3.009761553390359334e-01,-8.545269882288210328e-02,-1.139510198472805727e-02,7.447073035570213329e-02,1.153269902842012605e-02
-3.235244326810843285e-01,-1.223321914404260774e-01,-1.196541304768175031e-02,7.254329360341728317e-02,1.693182112863553246e-02
3.315344422613995534e-01,-8.601236129059884605e-02,-1.122963099384889987e-02,2.724801490444690288e-03,1.546181396388291752e-02
5.103898142555596262e-01,4.077526409420573761e-01,1.393889742476858359e-02,1.001796547993262787e-01,1.003789590186471466e-02
-6.802729463561724144e-01,-2.064193137565524805e-01,-2.925655169543404151e-03,-4.879032922720165089e-01,-2.715932423903382256e-02
-2.213591003092736376e-01,-9.420310830715721007e-02,-1.020279576012001095e-02,8.447357379318788662e-02,1.151356559293233855e-02
-6.965285351050204410e-01,-2.144611066562964741e-01,-4.642226561113887290e-03,-4.894282602096617918e-01,-6.806570227303922194e-02
-6.202060380952332252e-01,-1.939300682209096627e-01,-4.409833896445434533e-03,-2.445065043580348096e-01,-5.560336586896767047e-02
-5.270565979364392195e-01,-1.807371346660482936e-01,-3.757860102255676602e-03,3.307013258731046623e-02,-2.163768486329160912e-02
4.621242214090722222e-01,1.210532920681980373e-01,1.312300345824240870e-02,1.236296150015843420e-01,2.947054271673749809e-02
-6.663724977253366877e-01,-1.950092707217260246e-01,-1.430921039604982146e-04,-3.913613321405653989e-01,-5.398514789954617782e-02
4.741970673484918741e-01,1.141846303725588957e-01,1.220352448591483993e-02,1.560226916273543818e-01,2.060890485846385983e-02
9.509057583236910083e-02,-1.406986057664710299e-01,-2.053703011209222565e-02,-1.328874831940623884e-02,6.613147780216195246e-03
-8.567466072467169735e-02,-9.740423760007616005e-02,-3.119824693511077333e-03,6.716898412405981900e-02,1.244482891819089290e-02
5.256117721793526210e-01,4.845541862197734195e-01,9.958104218734433952e-03,1.243182274040921659e-01,2.681278146717573987e-02
-2.636010625183146661e-01,-5.644921045630326567e-02,-4.616315960741417153e-03,8.362952499383226324e-02,1.206629731048579346e-02
4.690192764148599647e-01,1.217362574647995604e-01,1.018897482414104182e-02,1.356830397239346675e-01,2.565307966904384687e-02
-5.749360301839965270e-01,-1.803159939198434314e-01,-3.941325270352536228e-03,-1.250494339710593317e-01,-1.616085453340986022e-02
4.549033437957257231e-01,-3.046747974631870345e-02,2.006782117701277554e-02,1.758533124783460133e-01,1.337129422862545942e-02
-5.966939184965428522e-01,-1.871394858425043106e-01,-3.644921196313362019e-03,-1.783164875571907337e-01,-1.422035191843690378e-02
5.191654947730746095e-01,4.407030174156989499e-01,1.446580828415108128e-02,8.762737345077056816e-02,1.169368890316690134e-02
4.784646344965138298e-01,9.449448156779383101e-02,1.411055244594649517e-02,1.854706256359739402e-01,2.063676663960251415e-02
-5.583179908121542745e-01,-1.761788007233912046e-01,3.746266974807781636e-03,-3.234804126880590214e-02,-4.189619416729158108e-02
-6.546592662556816045e-01,-1.998918749799025729e-01,-5.968463937173567289e-03,-3.429436998343129428e-01,-4.786595393327047754e-02
-1.887453994862084983e-01,-9.646083188352350124e-02,-1.520074759385067927e-02,8.174780899255808253e-02,1.388713740628887139e-02
-2.451617773412553547e-01,-1.018838922465408747e-01,-1.654309233131414161e-02,7.298116250568313645e-02,9.387323080877080575e-03
3.873216778005811878e-01,-8.347535816461515434e-02,4.855005083654191124e-03,1.126601414973521335e-02,1.207986539790653104e-02
1.897397052458924815e-01,-8.161268149777925474e-02,-9.148185296478459488e-03,-3.946586119419350468e-03,2.227818792971220443e-02
-5.503654132676354394e-01,-1.766469634894514140e-01,-3.081733088436067192e-03,-7.228723192481624482e-02,2.749356083938778172e-02
-5.459811644530537800e-01,-1.952374043556443506e-01,-3.012711539902284286e-03,5.481279985334878979e-02,-7.321994516813618015e-02
-5.355903953749748814e-01,-1.672469938417901758e-01,4.396538846594921952e-03,-1.332371452208235517e-02,2.763342352502888913e-02
-5.571682746094779315e-01,-1.790619203983959684e-01,-3.753344419400264122e-03,-4.016546788571929288e-02,-4.417914202498082060e-02
-6.827184148877233349e-01,-2.131649748039643466e-01,-3.313740281533625754e-03,-4.436945253623810204e-01,-6.597911454136806686e-02
-1.874376314240913666e-01,-4.267275379668859780e-02,-1.388764216371726062e-02,8.871364044023977158e-02,1.208870734866550854e-02
5.132780330028237081e-01,4.082533025738717680e-01,7.011596581413641338e-03,1.227868570754222372e-01,2.244193000147248415e-02
-6.453563269774491573e-01,-1.932481286417936373e-01,-3.335814612320859695e-03,-3.206344130449991781e-01,-3.954559485912454569e-02
2.939315074870412769e-01,-8.587723291098597889e-02,6.195133969396237781e-04,6.153363815006116649e-03,8.985410115790272434e-03
1.004373316085465651e-01,-1.619897487848584172e-01,-2.564693611070083604e-02,-1.004459696697125592e-02,8.006432323207378354e-03
-5.842655773690432763e-01,-1.756405760584874576e-01,-4.181492244543391808e-03,-1.454874878752070722e-01,-3.205398972303555305e-02
-5.866294498955193504e-01,-1.822523609007811185e-01,-3.620938663341917180e-03,-1.464829793948234649e-01,-3.559689709467590835e-02
-6.287638732512493833e-01,-2.009829494659021443e-01,-2.058065358939984487e-03,-2.522606151198402702e-01,-8.382628289096885621e-02
-6.094108072735263670e-01,-1.944269743586022614e-01,-5.159640380710471021e-03,-2.561027748696824147e-01,-1.539118937589591986e-02
5.486547875886850223e-01,5.459997964830382022e-01,9.679039669168786747e-03,1.752885097721892382e-01,2.144830064076160003e-02
5.416797240569843908e-01,5.486210101950365070e-01,1.344080507909325289e-02,1.396859610009263952e-01,2.889789199482237225e-02
3.090383161491919717e-01,-8.269209099288786502e-02,-6.461839011595884447e-03,3.558358196094957293e-03,1.527832747717525370e-02
-3.636261529398467363e-01,-3.062716319087399955e-02,-1.309881928589788982e-03,7.699188411785513886e-02,1.730694955591516662e-02
4.389658737742480610e-01,-3.647104913919307217e-02,6.152119468201817758e-03,1.088801335428385697e-01,1.760765317854037434e-02
1.750722583993666592e-01,-1.630064105394717355e-01,-1.670736093963171368e-02,-8.402275756609185742e-03,1.477051218191789347e-02
-5.780566736990840893e-01,-1.775595085240951332e-01,-3.223094914723105987e-03,-1.620692144530644918e-01,1.503484183907517063e-02
5.062938922150630461e-01,2.628356690211481328e-01,1.183722406955098512e-02,1.960532457038723919e-01,2.050831550070398787e-02
-5.453657054421057193e-01,-1.853508786971343747e-01,-1.397837931515368828e-03,3.285363176450914469e-02,-7.784243894592862700e-02
-1.998794956356115815e-01,-7.728610239527995696e-02,-1.303204460539973339e-02,8.691784085543816096e-02,1.161678964476664001e-02
-3.958179365356951918e-01,-4.960345231517777898e-02,-9.672050951666620253e-03,6.132170893560896785e-02,1.372167922668168609e-02
-5.777531230673321749e-01,-1.808121682893641946e-01,-3.942693070608811051e-03,-1.479618592917594788e-01,-1.682383503838139061e-02
5.093871155345499613e-01,3.776590248261573191e-01,1.196713898369807828e-02,1.212244969465589850e-01,3.145846758607404731e-02
-6.005356453608419187e-01,-1.868240309613048433e-01,-3.258740849410060071e-03,-1.457904721989677910e-01,-8.500141591702969901e-02
-5.239703181890195127e-01,-1.876719211192715842e-01,-2.314202488037153725e-04,5.171467157546317389e-02,-1.192745624946724148e-02
4.881767834966996289e-01,3.117299671310522213e-01,1.068278353033861108e-02,1.025289504531136237e-01,1.627116554746095220e-02
4.916314596253533731e-01,3.576693626820275362e-01,1.071541341091005947e-02,8.469600090858050989e-02,1.400330111400393228e-02
3.707952611343088845e-01,-1.622817419429065933e-01,-1.627191221594927184e-02,-3.284863613308459853e-03,1.081522319709719675e-02
5.103269956038736233e-01,4.123731991795284713e-01,1.169706817815381258e-02,1.036980867302170900e-01,1.505134974091816916e-02
-1.074571834456321609e-03,-9.174212689964861278e-02,-1.444316805850633101e-02,4.332931563931453206e-02,1.286344663925831355e-02
5.416186196844802181e-01,5.210483699066770225e-01,2.461738297208740031e-03,1.459009760595247895e-01,2.621469186343716729e-02
-6.250342301300565451e-01,-1.985337892728460951e-01,-6.688054325557004666e-03,-2.467030009301521554e-01,-7.539069598781622528e-02
-3.709393112234459777e-01,-8.168989287826207424e-02,-1.451555066741377735e-02,6.785369937896121306e-02,1.522552063984861093e-02
-5.425362053005960972e-01,-1.717527486009970406e-01,-3.187408711013972606e-03,-3.166283971347638726e-02,2.688333937392940395e-02
5.375294271032413640e-01,4.843487961197206482e-01,1.123045183957856359e-02,1.689838089997025006e-01,2.483531848334706582e-02
5.196922430922177316e-01,4.841184106272208854e-01,9.534638223241244728e-03,1.229365534299162732e-01,1.557669125590194908e-02
3.800013727324227375e-01,-1.539294166381751094e-01,-1.284075878112616968e-02,2.828669510972474637e-03,1.419232798975357882e-02
-3.961006714765991643e-01,-3.569874846925017581e-02,-1.309446042937707951e-02,7.221711220735016479e-02,1.752298080004152311e-02
-6.034170173789732416e-01,-1.856803076143677400e-01,-3.951856294892763972e-03,-1.812653433546387305e-01,-3.324055432318231973e-02
4.706222082768926063e-01,1.925129450135602827e-01,1.000728828833018745e-02,1.108744500655646503e-01,2.690140501351635446e-02
4.944555755973288891e-01,3.100121038359286429e-01,9.835848711492189284e-03,1.324470767543422800e-01,2.772864533451610200e-02
-6.458860459535816778e-01,-1.923457006132133496e-01,-1.356946971579020512e-03,-3.520810237532549514e-01,-1.685194594249196653e-02
-6.092179161900265205e-01,-1.950319371666131563e-01,-2.994500129173616014e-03,-2.579269917552056701e-01,-1.733756046198152434e-02
-6.546225154181246619e-01,-2.045086311636231391e-01,-3.946474032832156427e-03,-4.504561527900915463e-01,1.789365378219713587e-02
4.721468021204846544e-01,1.148932083734871407e-01,1.135611441874289154e-02,1.597495879528915419e-01,2.128917157683048178e-02
4.562868316902883303e-01,-6.963135156753424114e-03,2.101742513410726973e-02,1.559984316054456588e-01,1.544455769122208763e-02
-1.858333452143787756e-01,-7.367194333764587322e-02,-1.248165633226221843e-02,8.666265548638335536e-02,1.175427323555936626e-02
-6.169237871632811121e-01,-1.950646885367819938e-01,-3.945013428449328460e-05,-2.413584743619441031e-01,-4.816346781804724947e-02
-6.262415860546650670e-01,-2.011501678971791274e-01,-1.241462792728498330e-03,-2.640918381980435492e-01,-6.034096223322876762e-02
4.719387257857118878e-01,1.185115483516719359e-01,9.181392709281225792e-03,1.531143404037473565e-01,2.309049080917162725e-02
-5.914041134356636809e-01,-1.894279203424997504e-01,-2.369405991791495494e-03,-2.461777933921720785e-01,2.049340571667244287e-02
-1.867532864619746991e-01,-1.164834518307770878e-01,-2.058967631963355346e-02,8.881063684968609762e-02,1.624470679714363694e-02
4.726865113816012265e-01,1.785126161167714665e-01,9.352980916402202707e-03,1.290704344764665723e-01,2.796951441386937715e-02
3.901244175565906636e-01,-1.082629300593691835e-01,-1.329198648856163428e-02,1.150392762522756064e-04,1.413174077361745162e-02
-5.485092183939502819e-01,-1.807366723589024227e-01,-2.417535286691645420e-03,1.572954367258318914e-02,-4.708568901871047069e-02
4.815353281310848499e-01,2.765375121677503545e-01,1.449025702126050495e-02,1.038199014090085415e-01,1.775754097630766540e-02
4.779788701292290165e-01,2.553029473311363429e-01,9.655530235825153518e-03,1.009792632537394735e-01,9.572727685859093102e-03
1.390183625452223737e-01,-1.123327762698386328e-01,-1.407210769694302102e-02,-1.077580472704738751e-02,1.368591817500032504e-02
-4.187440518725943917e-01,-1.284862666298573763e-01,-1.854609538936358507e-02,5.908733486263514911e-02,1.431568347151539883e-02
5.335989899764916888e-01,4.893650022827051860e-01,8.348676556560121961e-03,1.489497169515132668e-01,2.546626653349136349e-02
5.014889509008151336e-01,2.451220312548559876e-01,1.546009252979729277e-02,2.022916718943318370e-01,2.569922193708663524e-02
5.068415310603614499e-01,2.637005186367045173e-01,1.150350389475306677e-02,1.983766228286154287e-01,2.375059471074820322e-02
-6.770012220989769514e-01,-2.073808216384230851e-01,-1.622164518867919058e-03,-4.966452209271000062e-01,-2.361873235543612143e-02
-6.315028689312452981e-01,-1.908164844040754760e-01,-1.473671547262824866e-03,-2.872878380798812303e-01,-4.422567243517619429e-02
5.049469467413877366e-01,2.976509210037710518e-01,1.182173849963305719e-02,1.601187427846198774e-01,2.756880935188206483e-02
4.754735393570609925e-01,1.790350125241997048e-01,1.030407786408204553e-02,1.353361284875839454e-01,2.897588480965538477e-02
-6.177583376062193432e-01,-1.881853575299606840e-01,-5.617929301937465286e-03,-1.825152737259367053e-01,-8.365103320720265745e-02
5.304796077391243925e-01,4.873180251965584242e-01,8.079367372571368347e-03,1.323517689450866841e-01,2.257969732254338016e-02
-5.917794159939961940e-01,-1.854751168944682171e-01,-3.128170453195480271e-03,-1.179101513612448582e-01,-7.389403129335107845e-02
3.112956270741014664e-01,-1.934354872028626326e-01,-1.692475696518272454e-02,-1.280334578118498719e-02,1.128219091452649543e-02
-6.511305055565981270e-01,-2.034894560259152829e-01,-5.916629216980027334e-03,-4.330570835063503043e-01,2.086081289007040568e-02
4.569581436368538863e-01,-3.128418189101694197e-02,2.448001470701115234e-02,1.826112750623454517e-01,1.406238818797902503e-02
5.197415015671970062e-01,3.602141964225109017e-01,1.264659830107007187e-02,1.868781479358128106e-01,4.787362066875289137e-04
5.158126890423414546e-01,3.542184379993307264e-01,9.090617536169248378e-03,1.729171634203507391e-01,2.114457263600598783e-02
-6.602264983620176331e-01,-2.046999810317919333e-01,-3.973592690927603074e-03,-4.681539380199450373e-01,1.609040945091578731e-02
-6.346631055475279171e-01,-1.925176826590899171e-01,-2.569610329856572995e-03,-3.225798873839488823e-01,-2.747185283316127755e-02
5.434945287050806373e-01,5.470681997605737479e-01,1.095064199145667772e-02,1.465043814774801834e-01,2.763014644335924988e-02
5.202939919224257581e-01,4.790873817046011340e-01,5.944535507861701401e-03,8.234149992587930234e-02,8.830726990229607193e-03
-3.930947815345373630e-01,-1.128401852864590188e-01,-1.697011162929584413e-02,6.533604179584927285e-02,1.693064944922639467e-02
-6.074949130126561236e-01,-1.947602418978266192e-01,-4.842410802348240048e-03,-2.595927150105342140e-01,-1.166877052496886370e-02
4.351149462015689307e-01,-5.960671461255870329e-02,2.276145101799784132e-02,1.238655837764756074e-01,2.259094664414561596e-02
-6.747232826193464428e-01,-2.031009948115666819e-01,-5.166952475390189717e-03,-4.226652782944671505e-01,-4.542354214347483349e-02
-6.244931548264105459e-01,-1.942660767757973805e-01,-3.994775617545087872e-03,-2.988211359684583845e-01,-1.414874916255087073e-02
4.944412008484744270e-01,2.588315403201232878e-01,1.039077798067637552e-02,1.439680814106654438e-01,1.968255049012128735e-02
-5.916381264060055489e-01,-1.857288177678907415e-01,-1.799792113188800708e-03,-1.365074144280924995e-01,-5.642665362064519519e-02
3.293570253243453538e-01,-8.006026339972777128e-02,-5.280814318606417285e-03,4.974179573075332428e-03,1.015417262732228217e-02
5.356080506561829990e-01,4.232434948280439091e-01,1.444929004307795098e-02,2.012888026388580387e-01,2.294329252670905886e-02
4.562143890266487922e-01,-3.407116116833264902e-02,2.174493916854885328e-02,1.787416474333522742e-01,1.085687094176165587e-02
-5.574125892186941877e-01,-1.898637290918901432e-01,-5.343894057819511406e-03,2.567941234634020173e-02,-8.887415578343790812e-02
-4.100002099527890187e-01,-1.113699054118683363e-01,-1.178162063826334802e-02,6.396674923763639997e-02,1.829923321343486162e-02
-4.118351027776659956e-01,-1.126558465483867566e-01,-1.375291571528975895e-02,6.095483505499402210e-02,1.676148695199757011e-02
1.885898349935857254e-01,-1.640541852572505455e-01,-1.452395941573286081e-02,-7.174238249578195233e-03,1.236885875551820349e-02
-6.887306716273735585e-01,-2.149878943031905132e-01,-1.318422581712184148e-03,-4.607793186091589388e-01,-8.911284590472064171e-02
2.286421739906356332e-01,-1.036746628379717067e-01,-6.451540678149854380e-03,-6.414314247779770613e-03,2.830675299625113467e-02
-5.769627037582540918e-01,-1.799219221740526176e-01,-3.295919541836838003e-03,-1.456338860551303904e-01,-1.634171134144537380e-02
5.388967032906140098e-01,5.258569724282454727e-01,9.481995816345260494e-03,1.398933775734806650e-01,2.188080222464605998e-02
4.810889649534472179e-01,1.217071543436600289e-01,1.413394535141947010e-02,1.919386810083125172e-01,2.399760827307630823e-02
-5.389963927388486953e-01,-1.913493138712141217e-01,-2.550141725208732169e-03,6.260363655979517272e-02,-4.652393676934878097e-02
-3.487311750421557277e-01,-1.192035950327181154e-01,-1.279828668905167929e-02,7.561871953439236460e-02,2.380005151176490738e-02
-6.520749553146663047e-01,-2.003333715235527390e-01,-2.763281757736422029e-03,-3.246845838730058609e-01,-6.866986246802980753e-02
4.852301067458273387e-01,2.380580820734792269e-01,6.916585884673054699e-03,1.313955442194722489e-01,2.440365847042613723e-02
4.959574776351199366e-01,2.990552395617132042e-01,8.978174681528798898e-03,1.360168595786822587e-01,2.720755585512193986e-02
5.061762482590285162e-01,2.630314476358375786e-01,1.379063577223178100e-02,2.021698826289312356e-01,2.320559759134454073e-02
4.560348563304333358e-01,1.244156426449130465e-01,1.097361330096191523e-02,9.088521084921268034e-02,1.382124628895809414e-02
5.094269138244453821e-01,3.153199807879372152e-01,9.526643978480251254e-03,1.932799285396717415e-01,2.222006210656246594e-02
5.004478893855542898e-01,3.589915375920619822e-01,1.517565388905268292e-02,1.028254568473821046e-01,1.332794151254944326e-02
-1.860578703272324158e-03,-1.063335754629429197e-01,-4.119140683343971120e-03,4.168224813964599429e-02,1.432953897940038301e-02
-5.684003811786578764e-01,-1.807030987984291071e-01,-3.963189365535413344e-03,-2.677608569002188840e-02,-5.045709327435133479e-02
-5.699116278563087779e-01,-1.793097342751553969e-01,-5.974408678053464566e-03,-1.494873468423594531e-01,9.121430859803183328e-03
-6.236081454000452773e-01,-2.013824411042520468e-01,-3.807546076656080983e-03,-2.506340770048092192e-01,-6.515586091186208184e-02
4.494310925838857496e-01,7.246930762650606594e-02,8.736022636375651365e-03,1.015439722408430639e-01,2.424724552625406176e-02
4.430496998441327827e-01,7.248112945418143382e-02,8.421934215959936409e-03,9.331018117756997854e-02,1.487672193370229851e-02
1.632698555706343646e-01,-1.375440258676883243e-01,-1.418435710850474152e-02,9.293643165308736187e-02,5.796474890458540481e-03
-6.907529485983764372e-01,-2.131435592887368224e-01,-3.991040448089222363e-03,-4.662569915837980195e-01,-8.660833938858047976e-02
-5.922833936568281388e-01,-1.906511959131984291e-01,-6.729334187579638464e-03,-2.339759089428682104e-01,1.188396951935715221e-02
-6.940533668316697380e-01,-2.089505394490578372e-01,-4.436393908906381862e-03,-4.928412068638232113e-01,-4.630429510648724489e-02
-6.583270212842012858e-01,-2.066927366153885337e-01,-3.280626580655052714e-03,-4.527227562924878157e-01,1.051298287472093342e-02
4.490369290824759441e-01,4.026365996882248083e-02,7.077041596893991759e-03,1.193653819568206154e-01,1.711306247361932265e-02
4.417654247103571796e-01,6.662229089323176701e-02,1.154223751072663666e-02,8.803798634225672159e-02,1.012952780012341299e-02
-5.900156256307588221e-01,-1.843924228800113974e-01,-2.265675014010071295e-03,-1.345474635032689881e-01,-5.527127395250488323e-02
5.377240770774591727e-01,5.750550666282526757e-01,1.468772787164880286e-02,1.038347271785713122e-01,1.458880798055787326e-02
-3.536039798745932439e-01,-8.003495738187098307e-02,-1.687047626171647718e-02,7.151336027665337880e-02,1.722595413145086227e-02
4.429857378241229271e-01,-8.300319569276837922e-03,2.333160242787243877e-02,1.056854757045792292e-01,1.575747593206443600e-02
5.407125255769830163e-01,4.841218065897374134e-01,1.088784777144041933e-02,1.758058275900137302e-01,1.979449883083958528e-02
4.702611767115268959e-01,1.924946778517840906e-01,1.113345395320095542e-02,1.136905111439628496e-01,2.827396214912056283e-02
-5.409271814437794923e-01,-1.907208044760301258e-01,-7.175754990777250290e-04,5.837230311001860572e-02,-5.108354828328685870e-02
-6.234236665247669951e-01,-1.926790963140888324e-01,-6.186524327708298535e-03,-3.160673238942177665e-01,2.073044049900829577e-02
-5.512124297505931469e-01,-1.751710917980739135e-01,-1.648514839973813553e-04,-9.780851463789787259e-02,2.316014471506150710e-02
-6.524512251794760687e-01,-1.970603041704958869e-01,-2.527629195336658294e-03,-3.221488508896498959e-01,-7.449154859806640661e-02
-5.484945550134057157e-01,-1.932560171885001066e-01,-4.463162827173050226e-03,5.450170143612467766e-02,-6.887162903170462869e-02
-6.437533480034983713e-01,-1.978975837191592202e-01,-4.564526754804774412e-03,-3.006748630029659197e-01,-6.611589822244098857e-02
4.504442214183163040e-01,-1.624181025950520094e-02,2.114474750753629617e-02,1.455258887463489192e-01,1.968299971901131887e-02
-5.352490341623854508e-01,-1.821469991448424197e-01,-4.595958456685025548e-03,2.348406898717428359e-02,-1.802890928993690356e-02
-6.451017177438518324e-01,-1.959322504281618693e-01,-9.670359411353501942e-04,-3.196782182403370420e-01,-4.498999076546852244e-02
-6.458674639644231830e-01,-2.009370315150698638e-01,-5.296995911235172043e-03,-3.804118996391110952e-01,-8.129779688055692455e-03
5.198157259967689514e-01,3.685389020483232358e-01,1.259051584022813537e-02,1.976669353747016189e-01,2.086424102793870208e-02
-2.857277667264506160e-01,-1.258389571674956575e-01,-1.801371977796833307e-02,7.144918263059736596e-02,1.270538793302307574e-02
-2.458958064385723119e-01,-7.892182355495946933e-02,-1.426298478740250196e-02,8.166602416753136751e-02,1.194968801062145682e-02
3.912358817991284377e-01,-9.167431429187899994e-02,-7.294465791003404247e-03,5.820932561247502482e-03,1.370000230084940547e-02
4.569579315874869874e-01,1.730967126004608891e-01,4.120857511857138611e-03,7.420533291507211415e-02,1.032670086163051289e-02
-6.452186436273666947e-01,-1.952698395520366115e-01,1.783205485464236465e-03,-3.193773020696215603e-01,-5.234398041099837251e-02
4.641852262043698607e-01,1.862275759279019283e-01,1.026373193084054863e-02,1.004884759788311072e-01,1.736286951964103806e-02
3.017851864523291017e-01,-7.999417090805195640e-02,-6.733700419910632756e-03,3.828529666618578700e-03,1.564708427513494468e-02
-6.512840964749432304e-01,-1.977150781161145787e-01,-1.277500288842929816e-03,-3.235517048843627452e-01,-6.680154210066632792e-02
4.519715594387361257e-01,9.231770949208197019e-02,8.883484205284730706e-03,8.806413316891649468e-02,1.404402053460017917e-02
-3.720378907495117682e-01,-6.928896145330100398e-02,-1.453126938094612824e-02,6.161395784861923436e-02,6.869243800227451714e-03
2.075896092178359797e-01,-1.178034334683775303e-01,-1.158711703936091825e-02,-7.864244977158421288e-03,1.147266515741876027e-02
4.637160684869310323e-01,-1.641091377593397642e-03,2.786135977059416360e-02,1.902950814213900665e-01,1.740564092453013301e-02
-6.959361548572394751e-01,-2.147601311538238633e-01,-1.837439627368269053e-03,-4.947712278144274500e-01,-6.544193653277943779e-02
5.404699693118055759e-01,5.794936654770004303e-01,1.047612278250312570e-02,1.083357417375077625e-01,1.329061549004023797e-02
-5.607935531653412964e-01,-1.787953016265981798e-01,-2.118860856152764323e-03,-3.721729670723050026e-02,-4.704066316395198732e-02
-5.427394939246551475e-01,-1.743716151218785704e-01,-5.969113002674362317e-03,-1.556450191251258254e-02,1.412375530014571730e-02
4.480720495303688877e-01,-3.238473703273996029e-02,2.257557668046501764e-02,1.619897921772414373e-01,1.609824225047844920e-02
-3.813472706638671439e-01,-1.287284235843094427e-01,-1.678196464563995807e-02,6.479147610715756123e-02,1.534570469515600215e-02
4.887626479335261953e-01,2.929302114947265334e-01,1.601377836493952586e-02,1.024110957949804362e-01,1.606480550008058256e-02
5.293895816617697481e-01,5.412227916751447543e-01,-1.325034366916497727e-03,9.527775567266844048e-02,1.206735068819597169e-02
-6.546778553515583132e-01,-1.992280078866406345e-01,-5.539969206527075446e-03,-3.189397590582080944e-01,-7.115464926647348254e-02
3.702152923878628821e-01,-1.648575873613981335e-01,-1.598012404909525397e-02,4.480580399795428166e-03,1.044098988073344052e-02
1.246583960676107966e-01,-8.271184390191478608e-02,-4.620231908848495411e-03,-1.137821027527564921e-02,6.032754391511758324e-03
2.722006610472183508e-01,-1.237131555863510424e-01,-6.634354933292456631e-03,-1.728016687743263351e-03,8.512199765646641381e-03
-6.805213328789295746e-01,-2.120248658093572547e-01,-5.485417929560583265e-03,-4.575082065379274532e-01,-6.018479129926476018e-02
4.987873908402809531e-01,2.745257252727020814e-01,1.090151449681911813e-02,1.809412907274102755e-01,2.018722884173627247e-02
-4.121113272331106692e-01,-8.573313955555476873e-02,-1.736636988364409842e-02,6.561622381546300398e-02,1.283845999037112016e-02
5.166948672703830514e-01,4.167951050922175660e-01,1.024824915280191789e-02,1.273431716762777888e-01,2.525017859299538356e-02
5.381978789874204416e-01,5.782426591008550387e-01,1.035229432392839079e-02,1.109401678217207671e-01,9.598720936240000279e-03
4.468327938224892493e-01,-3.302106108110450244e-02,2.211820962607816826e-02,1.289861818899376567e-01,1.472439182303162362e-02
2.884590599150956836e-01,-1.166245055321843416e-01,-1.147214656626203977e-02,-1.198451052912730651e-02,7.365211417748583102e-03
5.130819984196108852e-01,4.112365433697715567e-01,8.785773891883081471e-03,1.262278719513520164e-01,2.791419793920653022e-02
-6.758925017733997676e-01,-2.078911330784143363e-01,-3.157968196840386151e-03,-4.344076507375115304e-01,-4.498551517381713105e-02
-2.458437987671820146e-01,-8.233754729653355864e-02,-1.134516345222891763e-02,8.288733148579950638e-02,1.287210204868301927e-02
-6.639373617465593735e-01,-2.046327653681618008e-01,-2.633334260774802121e-03,-3.843753524834159219e-01,-5.283534778134253707e-02
-5.567539523430456994e-01,-1.748247941077187284e-01,-1.504316568363037740e-03,-1.296076459840276029e-01,2.605697650088870804e-02
4.984387338235450327e-01,2.720029184086164009e-01,1.037634051169334347e-02,1.622844395840175591e-01,2.338160219064917486e-02
4.963879646679066338e-01,2.643466354889756342e-01,1.201393607681779975e-02,1.914734499795920919e-01,2.014435836837123045e-02
2.259553175824876858e-01,-1.020603264677947680e-01,-8.644987196182398262e-03,-1.893133096313732782e-03,8.962013418967984882e-03
4.917915602267049491e-01,2.332406972884710772e-01,8.948717136919413437e-03,1.494552303403978155e-01,2.793442089732224229e-02
2.558273018489299333e-01,-8.557628753512119824e-02,-1.127219494800158449e-02,-1.023354854618929635e-03,7.860171747437902368e-03
-6.995463676549275034e-01,-2.130801493305847227e-01,-3.313019469379696515e-03,-5.023746370709022413e-01,-6.545567748524547258e-02
-6.542294995451470863e-01,-1.996238928861015505e-01,-5.031240144377590803e-03,-3.920567613087445058e-01,-2.690991348560430735e-02
-5.448286009990845891e-01,-1.936881424928293405e-01,-4.105205660551405032e-03,6.323596590734041623e-02,-7.316526375568002671e-02
4.662100421813312190e-01,1.783692244016390205e-01,8.675351262267554445e-03,1.224156220149919261e-01,2.445313024125681661e-02
3.547857555440313559e-01,-6.773403944410859301e-02,-1.090856610544562941e-02,3.895076984133538471e-03,1.657781663215189549e-02
-4.096861859632753289e-01,-4.963554272395896000e-02,-6.826077107903643325e-03,6.599675993679313124e-02,1.296793331802987767e-02
4.851382094511609289e-01,1.827570085227157026e-01,1.211149134194101917e-02,1.948070971015042063e-01,2.417102189555549868e-02
-6.514265305102435732e-01,-2.010669742242447433e-01,-1.892587662420623824e-03,-3.906357660579197755e-01,-1.713552587379638115e-02
3.805888132175246352e-01,-1.606825059874279205e-01,-1.315556035268343818e-02,-2.014432735645925714e-03,9.695997144588660091e-03
4.758438909371653924e-01,1.170952275537854304e-01,1.259797148285201653e-02,1.558213674159216466e-01,2.270187853165367767e-02
1.111284901215995602e-01,-1.564170069942724672e-01,-4.427291018823211952e-03,-3.178338419287882795e-03,1.014152165260796302e-02
4.770979096206622305e-01,9.297774112653542367e-02,1.723793016661829755e-02,1.912297902576622632e-01,2.338634240189236407e-02
4.771842679704465517e-01,9.677674763505848821e-02,9.635560270621680926e-03,1.848684440588400091e-01,2.261794864169843280e-02
5.410287035811695011e-01,5.317082002857438372e-01,8.658512119851594080e-03,1.427414571534720289e-01,2.715875615892770004e-02
-6.313134685815452452e-01,-1.926279572828411835e-01,-5.100887372406646449e-03,-3.143713208057959951e-01,-5.681184918334452466e-03
-6.264446516828848788e-01,-1.918534804528007898e-01,-5.575366881815852979e-03,-2.711870559847312512e-01,-4.501074252938337683e-02
-5.784974927620021301e-01,-1.880357613687073104e-01,-5.518050099506126467e-03,-5.444054979802785688e-02,-8.681952447869946410e-02
-6.360619192787987375e-01,-1.947003637000665199e-01,-4.420157621202065561e-03,-3.222448885832971954e-01,-1.656835477884783386e-02
5.138635050234643398e-01,3.539010356327730866e-01,9.670278886212600733e-03,1.682598320700535166e-01,2.036576954253320124e-02
5.209718452893303819e-01,4.629709667532512229e-01,1.178338616231940257e-02,9.433344676464144873e-02,1.145710171423076039e-02
-2.433115772204368366e-01,-6.188058942584120925e-02,-1.702221976923738028e-02,8.174529333066998804e-02,1.015473696211245148e-02
-3.826959045368443224e-01,-7.414342176824803565e-02,-1.406306205660200724e-02,7.241491711814376786e-02,1.511925776595504124e-02
-5.953780170308788922e-01,-1.870260531851584973e-01,-5.013465067630135802e-03,-1.660754682573849506e-01,-3.744095316348478031e-02
5.032349442738797141e-01,2.624417730710069674e-01,1.250080324562873046e-02,1.958732366242944001e-01,2.051514589542165201e-02
